78.0.0.0,78.3.255.255,HR
78.4.0.0,78.7.255.255,IT
78.8.0.0,78.10.40.127,PL
78.10.40.128,78.10.40.255,DE
78.10.41.0,78.11.255.255,PL
78.12.0.0,78.15.255.255,IT
78.16.0.0,78.19.255.255,IE
78.20.0.0,78.23.255.255,BE
78.24.0.0,78.24.7.255,RU
78.24.8.0,78.24.15.255,CZ
78.24.16.0,78.24.23.255,IE
78.24.24.0,78.24.31.255,RU
78.24.32.0,78.24.39.255,FR
78.24.40.0,78.24.47.255,RU
78.24.48.0,78.24.55.255,ES
78.24.56.0,78.24.63.255,RU
78.24.64.0,78.24.71.255,HU
78.24.72.0,78.24.72.255,UA
78.24.73.0,78.24.74.255,GR
78.24.75.0,78.24.75.255,UA
78.24.76.0,78.24.76.255,KW
78.24.77.0,78.24.77.255,DE
78.24.78.0,78.24.79.255,UA
78.24.80.0,78.24.87.255,IT
78.24.88.0,78.24.91.255,GB
78.24.92.0,78.24.93.255,RU
78.24.94.0,78.24.94.255,NO
78.24.95.0,78.24.95.255,RU
78.24.96.0,78.24.99.255,CZ
78.24.100.0,78.24.103.255,RU
78.24.104.0,78.24.111.255,RS
78.24.112.0,78.24.119.255,GB
78.24.120.0,78.24.120.255,BG
78.24.121.0,78.24.127.255,BE
78.24.128.0,78.24.135.255,FR
78.24.136.0,78.24.143.255,ES
78.24.144.0,78.24.151.255,NO
78.24.152.0,78.24.159.255,RU
78.24.160.0,78.24.167.255,PL
78.24.168.0,78.24.175.255,BE
78.24.176.0,78.24.183.255,RU
78.24.184.0,78.24.191.255,HU
78.24.192.0,78.24.199.255,EE
78.24.200.0,78.24.200.255,FR
78.24.201.0,78.24.202.7,BE
78.24.202.8,78.24.202.255,BR
78.24.203.0,78.24.203.255,BE
78.24.204.0,78.24.204.255,TR
78.24.205.0,78.24.205.255,RO
78.24.206.0,78.24.206.255,BE
78.24.207.0,78.24.207.255,CH
78.24.208.0,78.24.209.7,IM
78.24.209.8,78.24.209.255,US
78.24.210.0,78.24.211.103,IM
78.24.211.104,78.24.211.255,US
78.24.212.0,78.24.215.255,IM
78.24.216.0,78.24.231.255,RU
78.24.232.0,78.24.239.255,CZ
78.24.240.0,78.24.247.255,FR
78.24.248.0,78.24.255.255,GB
78.25.0.0,78.25.63.255,UA
78.25.64.0,78.25.191.255,RU
78.25.192.0,78.25.255.255,GB
78.26.0.0,78.26.63.255,NO
78.26.64.0,78.26.127.255,IT
78.26.128.0,78.26.255.255,UA
78.27.0.0,78.27.63.255,NL
78.27.64.0,78.27.127.255,FI
78.27.128.0,78.27.255.255,UA
78.28.0.0,78.28.63.255,PL
78.28.64.0,78.28.127.255,EE
78.28.128.0,78.28.191.255,BA
78.28.192.0,78.28.255.255,LV
78.29.0.0,78.29.127.255,RU
78.29.128.0,78.29.191.255,PT
78.29.192.0,78.29.255.255,BE
78.30.0.0,78.30.63.255,ES
78.30.64.0,78.30.127.255,PL
78.30.128.0,78.30.191.255,RS
78.30.192.0,78.31.7.255,RU
78.31.8.0,78.31.15.255,LU
78.31.16.0,78.31.23.255,RU
78.31.24.0,78.31.31.255,CZ
78.31.32.0,78.31.39.255,DK
78.31.40.0,78.31.47.255,FR
78.31.48.0,78.31.55.255,NL
78.31.56.0,78.31.63.255,RO
78.31.64.0,78.31.71.255,DE
78.31.72.0,78.31.79.255,RU
78.31.80.0,78.31.87.255,NO
78.31.88.0,78.31.95.255,PL
78.31.96.0,78.31.103.255,RU
78.31.104.0,78.31.111.255,GB
78.31.112.0,78.31.119.255,NL
78.31.120.0,78.31.127.255,PL
78.31.128.0,78.31.135.255,RO
78.31.136.0,78.31.159.255,PL
78.31.160.0,78.31.161.255,RU
78.31.162.0,78.31.163.255,PL
78.31.164.0,78.31.164.255,RO
78.31.165.0,78.31.165.255,SE
78.31.166.0,78.31.167.255,PL
78.31.168.0,78.31.175.255,DE
78.31.176.0,78.31.183.255,UA
78.31.184.0,78.31.191.255,LT
78.31.192.0,78.31.195.255,SE
78.31.196.0,78.31.203.255,DE
78.31.204.0,78.31.205.255,US
78.31.206.0,78.31.206.255,DK
78.31.207.0,78.31.207.255,NO
78.31.208.0,78.31.208.255,IL
78.31.209.0,78.31.209.255,PL
78.31.210.0,78.31.210.255,RU
78.31.211.0,78.31.211.255,GB
78.31.212.0,78.31.213.255,IE
78.31.214.0,78.31.215.255,PL
78.31.216.0,78.31.216.255,RU
78.31.217.0,78.31.217.255,US
78.31.218.0,78.31.223.255,RU
78.31.224.0,78.31.231.255,LT
78.31.232.0,78.31.235.255,IR
78.31.236.0,78.31.239.255,HU
78.31.240.0,78.31.247.255,RU
78.31.248.0,78.31.248.255,CA
78.31.249.0,78.31.251.255,US
78.31.252.0,78.31.255.255,DE
78.32.0.0,78.33.255.255,GB
78.34.0.0,78.35.255.255,DE
78.36.0.0,78.37.255.255,RU
78.38.0.0,78.38.31.255,IR
78.38.32.0,78.38.32.255,TR
78.38.33.0,78.38.33.255,IR
78.38.34.0,78.38.34.255,TR
78.38.35.0,78.38.93.127,IR
78.38.93.128,78.38.93.255,TR
78.38.94.0,78.38.109.199,IR
78.38.109.200,78.38.109.255,TR
78.38.110.0,78.38.115.223,IR
78.38.115.224,78.38.115.255,TR
78.38.116.0,78.38.136.159,IR
78.38.136.160,78.38.137.255,TR
78.38.138.0,78.38.228.255,IR
78.38.229.0,78.38.229.255,TR
78.38.230.0,78.39.80.143,IR
78.39.80.144,78.39.80.223,TR
78.39.80.224,78.39.84.191,IR
78.39.84.192,78.39.85.255,TR
78.39.86.0,78.39.107.71,IR
78.39.107.72,78.39.107.255,TR
78.39.108.0,78.39.109.15,IR
78.39.109.16,78.39.109.255,TR
78.39.110.0,78.39.116.255,IR
78.39.117.0,78.39.117.255,TR
78.39.118.0,78.39.255.255,IR
78.40.0.0,78.40.1.255,HR
78.40.2.0,78.40.7.255,MK
78.40.8.0,78.40.10.255,FR
78.40.11.0,78.40.11.255,IT
78.40.12.0,78.40.15.255,ES
78.40.16.0,78.40.23.255,GB
78.40.24.0,78.40.31.255,RU
78.40.32.0,78.40.39.255,GB
78.40.40.0,78.40.47.255,SE
78.40.48.0,78.40.55.255,FR
78.40.56.0,78.40.65.255,GB
78.40.66.0,78.40.71.255,NL
78.40.72.0,78.40.72.255,FR
78.40.73.0,78.40.74.175,CH
78.40.74.176,78.40.74.255,BE
78.40.75.0,78.40.79.255,CH
78.40.80.0,78.40.87.255,RU
78.40.88.0,78.40.95.255,FR
78.40.96.0,78.40.103.255,BE
78.40.104.0,78.40.107.255,GE
78.40.108.0,78.40.109.255,KZ
78.40.110.0,78.40.110.255,NL
78.40.111.0,78.40.111.255,IE
78.40.112.0,78.40.115.255,FR
78.40.116.0,78.40.119.255,RU
78.40.120.0,78.40.126.143,FR
78.40.126.144,78.40.126.255,RU
78.40.127.0,78.40.127.255,FR
78.40.128.0,78.40.135.255,IT
78.40.136.0,78.40.143.255,BG
78.40.144.0,78.40.159.255,GB
78.40.160.0,78.40.175.255,IT
78.40.176.0,78.40.183.255,LB
78.40.184.0,78.40.191.255,RU
78.40.192.0,78.40.199.255,NL
78.40.200.0,78.40.207.255,IT
78.40.208.0,78.40.215.255,AT
78.40.216.0,78.40.223.255,RU
78.40.224.0,78.40.231.255,TR
78.40.232.0,78.40.247.255,GB
78.40.248.0,78.40.255.255,IS
78.41.0.0,78.41.3.255,GG
78.41.4.0,78.41.4.255,GB
78.41.5.0,78.41.5.255,GG
78.41.6.0,78.41.7.3,GB
78.41.7.4,78.41.7.255,GG
78.41.8.0,78.41.23.255,CZ
78.41.24.0,78.41.31.255,PL
78.41.32.0,78.41.39.255,RU
78.41.40.0,78.41.41.255,JP
78.41.42.0,78.41.43.255,HK
78.41.44.0,78.41.45.255,NO
78.41.46.0,78.41.46.255,FR
78.41.47.0,78.41.47.255,NO
78.41.48.0,78.41.51.255,DE
78.41.52.0,78.41.55.255,FR
78.41.56.0,78.41.63.255,LB
78.41.64.0,78.41.71.255,BE
78.41.72.0,78.41.79.255,NL
78.41.80.0,78.41.87.255,ES
78.41.88.0,78.41.111.255,RU
78.41.112.0,78.41.119.255,AT
78.41.120.0,78.41.127.255,NO
78.41.128.0,78.41.135.255,FR
78.41.136.0,78.41.143.255,NO
78.41.144.0,78.41.151.255,AT
78.41.152.0,78.41.156.223,GB
78.41.156.224,78.41.156.255,IM
78.41.157.0,78.41.159.255,GB
78.41.160.0,78.41.167.255,FR
78.41.168.0,78.41.175.255,SK
78.41.176.0,78.41.183.255,RU
78.41.184.0,78.41.191.255,FR
78.41.192.0,78.41.199.255,RU
78.41.200.0,78.41.207.255,NL
78.41.208.0,78.41.215.255,GB
78.41.216.0,78.41.223.255,DE
78.41.224.0,78.41.231.255,GB
78.41.232.0,78.41.239.255,FR
78.41.240.0,78.41.247.255,SE
78.41.248.0,78.41.251.255,FR
78.41.252.0,78.41.252.15,ES
78.41.252.16,78.41.255.255,FR
78.42.0.0,78.43.255.255,DE
78.44.0.0,78.45.255.255,CZ
78.46.0.0,78.46.29.95,DE
78.46.29.96,78.46.29.255,US
78.46.30.0,78.46.135.55,DE
78.46.135.56,78.46.135.223,UA
78.46.135.224,78.46.141.39,DE
78.46.141.40,78.46.141.255,CH
78.46.142.0,78.46.225.175,DE
78.46.225.176,78.46.225.255,IE
78.46.226.0,78.46.248.175,DE
78.46.248.176,78.46.248.247,MU
78.46.248.248,78.47.35.207,DE
78.47.35.208,78.47.35.255,RU
78.47.36.0,78.47.48.95,DE
78.47.48.96,78.47.48.255,IT
78.47.49.0,78.47.51.215,DE
78.47.51.216,78.47.51.255,CH
78.47.52.0,78.47.58.223,DE
78.47.58.224,78.47.58.255,AT
78.47.59.0,78.47.93.127,DE
78.47.93.128,78.47.93.255,SI
78.47.94.0,78.47.101.47,DE
78.47.101.48,78.47.101.255,FR
78.47.102.0,78.47.104.255,DE
78.47.105.0,78.47.105.255,AM
78.47.106.0,78.47.120.199,DE
78.47.120.200,78.47.120.255,US
78.47.121.0,78.47.130.127,DE
78.47.130.128,78.47.130.223,GB
78.47.130.224,78.47.194.31,DE
78.47.194.32,78.47.194.255,CH
78.47.195.0,78.47.200.7,DE
78.47.200.8,78.47.200.255,UA
78.47.201.0,78.47.203.175,DE
78.47.203.176,78.47.203.255,RU
78.47.204.0,78.47.205.55,DE
78.47.205.56,78.47.205.239,UA
78.47.205.240,78.47.207.23,DE
78.47.207.24,78.47.207.255,UA
78.47.208.0,78.47.222.223,DE
78.47.222.224,78.47.222.255,GB
78.47.223.0,78.47.232.31,DE
78.47.232.32,78.47.232.255,CA
78.47.233.0,78.55.255.255,DE
78.56.0.0,78.63.255.255,LT
78.64.0.0,78.64.5.255,SE
78.64.6.0,78.64.6.255,DK
78.64.7.0,78.65.223.255,SE
78.65.224.0,78.65.224.255,DK
78.65.225.0,78.68.198.255,SE
78.68.199.0,78.68.199.255,DK
78.68.200.0,78.74.29.255,SE
78.74.30.0,78.74.30.255,DK
78.74.31.0,78.74.48.255,SE
78.74.49.0,78.74.49.255,DK
78.74.50.0,78.74.50.255,SE
78.74.51.0,78.74.51.255,DK
78.74.52.0,78.74.56.255,SE
78.74.57.0,78.74.57.255,DK
78.74.58.0,78.74.157.255,SE
78.74.158.0,78.74.158.255,DK
78.74.159.0,78.74.232.255,SE
78.74.233.0,78.74.233.255,DK
78.74.234.0,78.74.237.255,SE
78.74.238.0,78.74.238.255,DK
78.74.239.0,78.76.27.255,SE
78.76.28.0,78.76.31.255,DK
78.76.32.0,78.76.63.255,SE
78.76.64.0,78.76.67.255,DK
78.76.68.0,78.76.71.255,SE
78.76.72.0,78.76.75.255,DK
78.76.76.0,78.76.231.255,SE
78.76.232.0,78.76.235.255,DK
78.76.236.0,78.77.135.255,SE
78.77.136.0,78.77.136.255,DK
78.77.137.0,78.77.151.255,SE
78.77.152.0,78.77.152.255,DK
78.77.153.0,78.77.157.255,SE
78.77.158.0,78.77.158.255,DK
78.77.159.0,78.77.183.255,SE
78.77.184.0,78.77.184.255,DK
78.77.185.0,78.79.151.255,SE
78.79.152.0,78.79.155.255,DK
78.79.156.0,78.79.255.255,SE
78.80.0.0,78.80.255.255,CZ
78.81.0.0,78.81.255.255,RU
78.82.0.0,78.82.255.255,SE
78.83.0.0,78.83.255.255,BG
78.84.0.0,78.84.255.255,LV
78.85.0.0,78.85.255.255,RU
78.86.0.0,78.86.255.255,GB
78.87.0.0,78.87.255.255,GR
78.88.0.0,78.88.255.255,PL
78.89.0.0,78.89.255.255,KW
78.90.0.0,78.90.255.255,BG
78.91.0.0,78.91.255.255,NO
78.92.0.0,78.92.255.255,HU
78.93.0.0,78.93.255.255,SA
78.94.0.0,78.94.255.255,DE
78.95.0.0,78.95.255.255,SA
78.96.0.0,78.97.255.255,RO
78.98.0.0,78.99.255.255,SK
78.100.0.0,78.101.255.255,QA
78.102.0.0,78.102.255.255,CZ
78.103.0.0,78.103.255.255,NL
78.104.0.0,78.104.255.255,AT
78.105.0.0,78.105.255.255,GB
78.106.0.0,78.107.255.255,RU
78.108.0.0,78.108.15.255,SE
78.108.16.0,78.108.31.255,HU
78.108.32.0,78.108.47.255,GR
78.108.48.0,78.108.63.255,SE
78.108.64.0,78.108.95.255,RU
78.108.96.0,78.108.111.255,CZ
78.108.112.0,78.108.112.255,IE
78.108.113.0,78.108.113.255,DE
78.108.114.0,78.108.117.255,NL
78.108.118.0,78.108.121.255,DE
78.108.122.0,78.108.122.255,IE
78.108.123.0,78.108.125.255,DE
78.108.126.0,78.108.126.255,NL
78.108.127.0,78.108.127.255,DE
78.108.128.0,78.108.143.255,NL
78.108.144.0,78.108.159.255,CZ
78.108.160.0,78.108.175.255,LB
78.108.176.0,78.108.191.255,CZ
78.108.192.0,78.108.207.255,RU
78.108.208.0,78.108.211.255,PT
78.108.212.0,78.108.215.255,PL
78.108.216.0,78.108.216.255,DE
78.108.217.0,78.108.217.255,RO
78.108.218.0,78.108.218.255,DE
78.108.219.0,78.108.219.255,FR
78.108.220.0,78.108.223.255,DE
78.108.224.0,78.108.239.255,FR
78.108.240.0,78.108.255.255,BG
78.109.0.0,78.109.15.255,NL
78.109.16.0,78.109.17.207,UA
78.109.17.208,78.109.17.231,RU
78.109.17.232,78.109.19.111,UA
78.109.19.112,78.109.19.255,NA
78.109.20.0,78.109.23.31,UA
78.109.23.32,78.109.23.255,NA
78.109.24.0,78.109.28.95,UA
78.109.28.96,78.109.28.247,RU
78.109.28.248,78.109.30.175,UA
78.109.30.176,78.109.30.255,RU
78.109.31.0,78.109.31.255,UA
78.109.32.0,78.109.47.255,RU
78.109.48.0,78.109.55.255,AZ
78.109.56.0,78.109.63.255,DE
78.109.64.0,78.109.79.255,AM
78.109.80.0,78.109.95.255,FR
78.109.96.0,78.109.111.255,RS
78.109.112.0,78.109.143.255,RU
78.109.144.0,78.109.159.255,KZ
78.109.160.0,78.109.191.255,GB
78.109.192.0,78.109.207.255,IR
78.109.208.0,78.109.223.255,DK
78.109.224.0,78.109.239.255,IQ
78.109.240.0,78.109.255.255,FR
78.110.0.0,78.110.15.255,SA
78.110.16.0,78.110.31.255,MT
78.110.32.0,78.110.47.255,EE
78.110.48.0,78.110.63.255,RU
78.110.64.0,78.110.79.255,BH
78.110.80.0,78.110.95.255,SE
78.110.96.0,78.110.111.255,SY
78.110.112.0,78.110.127.255,IR
78.110.128.0,78.110.143.255,CH
78.110.144.0,78.110.159.255,RU
78.110.160.0,78.110.175.255,GB
78.110.176.0,78.110.191.255,IT
78.110.192.0,78.110.207.255,BE
78.110.208.0,78.110.223.255,CZ
78.110.224.0,78.110.239.255,DE
78.110.240.0,78.110.255.255,RU
78.111.0.0,78.111.15.255,IR
78.111.16.0,78.111.31.255,UA
78.111.32.0,78.111.47.255,OM
78.111.48.0,78.111.63.255,AZ
78.111.64.0,78.111.79.255,DE
78.111.80.0,78.111.95.255,RU
78.111.96.0,78.111.111.255,TR
78.111.112.0,78.111.127.255,CZ
78.111.128.0,78.111.129.255,DE
78.111.130.0,78.111.133.255,LB
78.111.134.0,78.111.143.255,DE
78.111.144.0,78.111.159.255,RU
78.111.160.0,78.111.175.255,DK
78.111.176.0,78.111.191.255,UA
78.111.192.0,78.111.192.255,GB
78.111.193.0,78.111.201.255,GG
78.111.202.0,78.111.202.255,GB
78.111.203.0,78.111.204.255,GG
78.111.205.0,78.111.207.255,GB
78.111.208.0,78.111.223.255,UA
78.111.224.0,78.111.239.255,DE
78.111.240.0,78.111.255.255,RU
78.112.0.0,78.127.255.255,FR
78.128.0.0,78.128.111.255,BG
78.128.112.0,78.128.112.255,AE
78.128.113.0,78.128.113.255,DE
78.128.114.0,78.128.118.255,BG
78.128.119.0,78.128.119.255,LB
78.128.120.0,78.128.126.255,BG
78.128.127.0,78.128.127.255,US
78.128.128.0,78.128.255.255,CZ
78.129.0.0,78.129.127.255,BE
78.129.128.0,78.129.255.255,GB
78.130.0.0,78.130.127.255,PT
78.130.128.0,78.130.255.255,BG
78.131.0.0,78.131.127.255,HU
78.131.128.0,78.131.255.255,PL
78.132.0.0,78.132.127.255,AT
78.132.128.0,78.132.255.255,RU
78.133.0.0,78.133.127.255,MT
78.133.128.0,78.133.255.255,PL
78.134.0.0,78.134.127.255,IT
78.134.128.0,78.134.255.255,HR
78.135.0.0,78.135.127.255,TR
78.135.128.0,78.135.255.255,IE
78.136.0.0,78.136.63.255,GB
78.136.64.0,78.136.127.255,ES
78.136.128.0,78.136.191.255,CZ
78.136.192.0,78.136.195.255,RU
78.136.196.0,78.136.199.255,FR
78.136.200.0,78.136.203.255,DE
78.136.204.0,78.136.207.255,TR
78.136.208.0,78.136.231.255,RU
78.136.232.0,78.136.239.255,ES
78.136.240.0,78.136.247.255,RU
78.136.248.0,78.136.255.255,DE
78.137.0.0,78.137.63.255,UA
78.137.64.0,78.137.95.255,YE
78.137.96.0,78.137.103.255,DE
78.137.104.0,78.137.111.255,RU
78.137.112.0,78.137.127.255,GB
78.137.128.0,78.137.178.143,IE
78.137.178.144,78.137.178.255,GB
78.137.179.0,78.137.187.255,IE
78.137.188.0,78.137.189.255,GB
78.137.190.0,78.137.191.255,IE
78.137.192.0,78.137.255.255,PT
78.138.0.0,78.138.15.240,GB
78.138.15.241,78.138.15.255,NG
78.138.16.0,78.138.21.255,GB
78.138.22.0,78.138.22.255,BM
78.138.23.0,78.138.26.39,GB
78.138.26.40,78.138.26.47,NG
78.138.26.48,78.138.27.255,GB
78.138.28.0,78.138.28.255,NG
78.138.29.0,78.138.31.15,GB
78.138.31.16,78.138.31.255,NG
78.138.32.0,78.138.34.255,US
78.138.35.0,78.138.46.39,GB
78.138.46.40,78.138.46.255,NG
78.138.47.0,78.138.51.39,GB
78.138.51.40,78.138.51.255,CD
78.138.52.0,78.138.52.255,GB
78.138.53.0,78.138.53.255,NE
78.138.54.0,78.138.56.23,GB
78.138.56.24,78.138.56.255,NG
78.138.57.0,78.138.59.7,GB
78.138.59.8,78.138.59.231,NG
78.138.59.232,78.138.63.255,GB
78.138.64.0,78.138.72.255,DE
78.138.73.0,78.138.73.127,BE
78.138.73.128,78.138.76.31,DE
78.138.76.32,78.138.76.95,NL
78.138.76.96,78.138.96.1,DE
78.138.96.2,78.138.96.63,FR
78.138.96.64,78.138.97.255,DE
78.138.98.0,78.138.98.159,FR
78.138.98.160,78.138.104.1,DE
78.138.104.2,78.138.105.255,FR
78.138.106.0,78.138.106.255,DE
78.138.107.0,78.138.107.255,FR
78.138.108.0,78.138.118.3,DE
78.138.118.4,78.138.118.255,FR
78.138.119.0,78.138.126.1,DE
78.138.126.2,78.138.127.93,FR
78.138.127.94,78.138.127.255,DE
78.138.128.0,78.138.191.255,RU
78.138.192.0,78.138.255.255,SA
78.139.0.0,78.139.63.255,HU
78.139.64.0,78.139.127.255,RU
78.139.128.0,78.139.191.255,GE
78.139.192.0,78.140.63.255,RU
78.140.64.0,78.140.66.15,DE
78.140.66.16,78.140.66.255,ES
78.140.67.0,78.140.67.255,ZA
78.140.68.0,78.140.71.255,DE
78.140.72.0,78.140.72.255,US
78.140.73.0,78.140.74.63,SG
78.140.74.64,78.140.74.247,DE
78.140.74.248,78.140.75.255,SG
78.140.76.0,78.140.76.255,US
78.140.77.0,78.140.80.15,DE
78.140.80.16,78.140.80.223,RU
78.140.80.224,78.140.127.255,DE
78.140.128.0,78.140.191.255,NL
78.140.192.0,78.140.255.255,RU
78.141.0.0,78.141.63.255,GB
78.141.64.0,78.141.127.255,SK
78.141.128.0,78.141.191.255,LU
78.141.192.0,78.141.207.255,GB
78.141.208.0,78.141.223.255,NL
78.141.224.0,78.141.255.255,FR
78.142.0.0,78.142.0.255,US
78.142.1.0,78.142.7.255,BG
78.142.8.0,78.142.8.255,US
78.142.9.0,78.142.17.255,BG
78.142.18.0,78.142.18.255,NL
78.142.19.0,78.142.63.255,BG
78.142.64.0,78.142.111.255,AT
78.142.112.0,78.142.113.255,DE
78.142.114.0,78.142.117.63,AT
78.142.117.64,78.142.117.255,DE
78.142.118.0,78.142.191.255,AT
78.142.192.0,78.142.195.255,NL
78.142.196.0,78.142.199.255,IT
78.142.200.0,78.142.203.255,ES
78.142.204.0,78.142.207.255,HU
78.142.208.0,78.142.211.255,TR
78.142.212.0,78.142.215.255,ES
78.142.216.0,78.142.219.255,US
78.142.220.0,78.142.223.255,RU
78.142.224.0,78.142.227.255,PL
78.142.228.0,78.142.231.255,HK
78.142.232.0,78.142.239.255,RU
78.142.240.0,78.142.251.255,CZ
78.142.252.0,78.142.255.255,MD
78.143.0.0,78.143.63.255,DE
78.143.64.0,78.143.127.255,DK
78.143.128.0,78.143.191.255,IE
78.143.192.0,78.143.223.255,GB
78.143.224.0,78.143.239.255,PS
78.143.240.0,78.143.241.255,US
78.143.242.0,78.143.244.255,GB
78.143.245.0,78.143.245.255,BR
78.143.246.0,78.143.246.255,GB
78.143.247.0,78.143.247.255,US
78.143.248.0,78.143.250.255,GB
78.143.251.0,78.143.251.255,AE
78.143.252.0,78.151.255.255,GB
78.152.0.0,78.152.31.255,PL
78.152.32.0,78.152.37.31,NL
78.152.37.32,78.152.37.255,US
78.152.38.0,78.152.39.31,NL
78.152.39.32,78.152.39.255,US
78.152.40.0,78.152.42.159,NL
78.152.42.160,78.152.42.255,GB
78.152.43.0,78.152.46.91,NL
78.152.46.92,78.152.46.255,IE
78.152.47.0,78.152.48.79,NL
78.152.48.80,78.152.48.253,IE
78.152.48.254,78.152.50.123,NL
78.152.50.124,78.152.50.247,DE
78.152.50.248,78.152.52.23,NL
78.152.52.24,78.152.52.55,GB
78.152.52.56,78.152.54.11,NL
78.152.54.12,78.152.54.255,DE
78.152.55.0,78.152.57.3,NL
78.152.57.4,78.152.57.255,DE
78.152.58.0,78.152.58.255,NL
78.152.59.0,78.152.59.255,US
78.152.60.0,78.152.60.255,IE
78.152.61.0,78.152.63.143,NL
78.152.63.144,78.152.63.255,CA
78.152.64.0,78.152.95.255,AT
78.152.96.0,78.152.127.255,IT
78.152.128.0,78.152.159.255,FR
78.152.160.0,78.152.191.255,UA
78.152.192.0,78.152.255.255,IE
78.153.0.0,78.153.31.255,RU
78.153.32.0,78.153.63.255,SI
78.153.64.0,78.153.95.255,DE
78.153.96.0,78.153.127.255,HU
78.153.128.0,78.153.159.255,RU
78.153.160.0,78.153.191.255,DK
78.153.192.0,78.153.223.255,IE
78.153.224.0,78.153.255.255,FR
78.154.0.0,78.154.31.255,BG
78.154.32.0,78.154.63.255,IR
78.154.64.0,78.154.95.255,PL
78.154.96.0,78.154.127.255,GB
78.154.128.0,78.154.159.255,LV
78.154.160.0,78.154.191.255,UA
78.154.192.0,78.154.255.255,KW
78.155.0.0,78.155.31.255,CH
78.155.32.0,78.155.63.255,ME
78.155.64.0,78.155.95.255,SY
78.155.96.0,78.155.127.255,PL
78.155.128.0,78.155.159.255,FR
78.155.160.0,78.155.223.255,RU
78.155.224.0,78.155.255.255,IE
78.156.0.0,78.156.31.255,NO
78.156.32.0,78.156.63.255,CZ
78.156.64.0,78.156.95.255,GB
78.156.96.0,78.156.127.255,DK
78.156.128.0,78.156.159.255,CZ
78.156.160.0,78.156.191.255,PL
78.156.192.0,78.156.199.255,SE
78.156.200.0,78.156.223.255,DK
78.156.224.0,78.156.255.255,RU
78.157.0.0,78.157.31.255,MK
78.157.32.0,78.157.63.255,IR
78.157.64.0,78.157.95.255,LT
78.157.96.0,78.157.127.255,DK
78.157.128.0,78.157.179.255,CZ
78.157.180.0,78.157.187.255,PL
78.157.188.0,78.157.191.255,CZ
78.157.192.0,78.157.223.255,GB
78.157.224.0,78.157.255.255,RU
78.158.0.0,78.158.31.255,LT
78.158.32.0,78.158.95.255,GB
78.158.96.0,78.158.127.255,IE
78.158.128.0,78.158.154.255,CY
78.158.155.0,78.158.155.255,DE
78.158.156.0,78.158.159.255,CY
78.158.160.0,78.158.191.255,IR
78.158.192.0,78.158.192.255,UA
78.158.193.0,78.158.223.255,RU
78.158.224.0,78.158.255.255,NO
78.159.0.0,78.159.31.255,FR
78.159.32.0,78.159.63.255,UA
78.159.64.0,78.159.95.255,PL
78.159.96.0,78.159.106.63,DE
78.159.106.64,78.159.106.255,PT
78.159.107.0,78.159.108.255,DE
78.159.109.0,78.159.110.255,PL
78.159.111.0,78.159.121.255,DE
78.159.122.0,78.159.122.255,HK
78.159.123.0,78.159.124.255,DE
78.159.125.0,78.159.125.255,PL
78.159.126.0,78.159.127.255,DE
78.159.128.0,78.159.129.255,BG
78.159.130.0,78.159.130.255,RO
78.159.131.0,78.159.139.255,BG
78.159.140.0,78.159.140.255,US
78.159.141.0,78.159.141.255,SG
78.159.142.0,78.159.142.255,AU
78.159.143.0,78.159.143.255,DE
78.159.144.0,78.159.144.255,IT
78.159.145.0,78.159.147.255,BG
78.159.148.0,78.159.148.255,FR
78.159.149.0,78.159.150.255,BG
78.159.151.0,78.159.151.255,US
78.159.152.0,78.159.155.255,BG
78.159.156.0,78.159.156.255,US
78.159.157.0,78.159.159.255,BG
78.159.160.0,78.159.160.255,FR
78.159.161.0,78.159.191.255,KW
78.159.192.0,78.159.223.255,IT
78.159.224.0,78.159.255.255,RU
78.160.0.0,78.163.119.255,TR
78.163.120.0,78.163.120.255,DZ
78.163.121.0,78.168.57.151,TR
78.168.57.152,78.168.57.255,DZ
78.168.58.0,78.168.59.7,TR
78.168.59.8,78.168.59.255,DZ
78.168.60.0,78.168.113.211,TR
78.168.113.212,78.168.113.255,DZ
78.168.114.0,78.168.125.91,TR
78.168.125.92,78.168.125.255,DZ
78.168.126.0,78.171.169.223,TR
78.171.169.224,78.171.169.227,DZ
78.171.169.228,78.171.187.211,TR
78.171.187.212,78.171.187.215,DZ
78.171.187.216,78.172.64.63,TR
78.172.64.64,78.172.64.255,DZ
78.172.65.0,78.172.80.255,TR
78.172.81.0,78.172.81.251,DZ
78.172.81.252,78.172.83.83,TR
78.172.83.84,78.172.83.255,DZ
78.172.84.0,78.172.90.55,TR
78.172.90.56,78.172.90.255,DZ
78.172.91.0,78.172.92.7,TR
78.172.92.8,78.172.92.247,DZ
78.172.92.248,78.172.99.187,TR
78.172.99.188,78.172.99.255,DZ
78.172.100.0,78.172.107.63,TR
78.172.107.64,78.172.107.255,DZ
78.172.108.0,78.172.109.59,TR
78.172.109.60,78.172.109.255,DZ
78.172.110.0,78.172.111.203,TR
78.172.111.204,78.172.111.255,DZ
78.172.112.0,78.172.117.239,TR
78.172.117.240,78.172.117.255,DZ
78.172.118.0,78.172.122.195,TR
78.172.122.196,78.172.122.255,DZ
78.172.123.0,78.172.126.11,TR
78.172.126.12,78.172.126.255,DZ
78.172.127.0,78.174.133.75,TR
78.174.133.76,78.174.133.247,DZ
78.174.133.248,78.174.138.39,TR
78.174.138.40,78.174.138.255,DZ
78.174.139.0,78.174.141.175,TR
78.174.141.176,78.174.141.247,DZ
78.174.141.248,78.174.153.199,TR
78.174.153.200,78.174.153.255,DZ
78.174.154.0,78.174.155.235,TR
78.174.155.236,78.174.155.255,DZ
78.174.156.0,78.174.160.111,TR
78.174.160.112,78.174.160.255,DZ
78.174.161.0,78.174.164.59,TR
78.174.164.60,78.174.164.255,DZ
78.174.165.0,78.174.167.39,TR
78.174.167.40,78.174.167.255,DZ
78.174.168.0,78.174.175.123,TR
78.174.175.124,78.174.175.255,DZ
78.174.176.0,78.174.180.39,TR
78.174.180.40,78.174.180.239,DZ
78.174.180.240,78.174.189.175,TR
78.174.189.176,78.174.189.255,DZ
78.174.190.0,78.174.215.95,TR
78.174.215.96,78.174.215.255,DZ
78.174.216.0,78.174.224.47,TR
78.174.224.48,78.174.224.255,DZ
78.174.225.0,78.174.227.51,TR
78.174.227.52,78.174.227.255,DZ
78.174.228.0,78.174.234.79,TR
78.174.234.80,78.174.234.255,DZ
78.174.235.0,78.174.239.243,TR
78.174.239.244,78.174.239.255,DZ
78.174.240.0,78.174.241.207,TR
78.174.241.208,78.174.241.251,DZ
78.174.241.252,78.174.243.7,TR
78.174.243.8,78.174.243.255,DZ
78.174.244.0,78.174.245.11,TR
78.174.245.12,78.174.245.255,DZ
78.174.246.0,78.178.21.119,TR
78.178.21.120,78.178.21.255,DZ
78.178.22.0,78.178.24.231,TR
78.178.24.232,78.178.24.255,DZ
78.178.25.0,78.178.64.171,TR
78.178.64.172,78.178.64.255,DZ
78.178.65.0,78.178.90.203,TR
78.178.90.204,78.178.90.255,DZ
78.178.91.0,78.178.117.43,TR
78.178.117.44,78.178.117.255,DZ
78.178.118.0,78.178.120.255,TR
78.178.121.0,78.178.121.251,DZ
78.178.121.252,78.178.123.35,TR
78.178.123.36,78.178.123.255,DZ
78.178.124.0,78.179.5.247,TR
78.179.5.248,78.179.5.251,DZ
78.179.5.252,78.179.115.251,TR
78.179.115.252,78.179.115.255,DZ
78.179.116.0,78.180.61.243,TR
78.180.61.244,78.180.61.255,DZ
78.180.62.0,78.180.232.67,TR
78.180.232.68,78.180.232.71,DZ
78.180.232.72,78.180.235.3,TR
78.180.235.4,78.180.235.243,DZ
78.180.235.244,78.180.237.23,TR
78.180.237.24,78.180.237.255,DZ
78.180.238.0,78.180.239.35,TR
78.180.239.36,78.180.239.255,DZ
78.180.240.0,78.181.103.255,TR
78.181.104.0,78.181.104.255,DZ
78.181.105.0,78.181.106.7,TR
78.181.106.8,78.181.106.255,DZ
78.181.107.0,78.181.108.15,TR
78.181.108.16,78.181.108.231,DZ
78.181.108.232,78.181.110.135,TR
78.181.110.136,78.181.110.255,DZ
78.181.111.0,78.182.128.67,TR
78.182.128.68,78.182.128.255,DZ
78.182.129.0,78.182.130.43,TR
78.182.130.44,78.182.130.251,DZ
78.182.130.252,78.182.132.15,TR
78.182.132.16,78.182.132.255,DZ
78.182.133.0,78.182.134.179,TR
78.182.134.180,78.182.134.255,DZ
78.182.135.0,78.182.136.31,TR
78.182.136.32,78.182.136.255,DZ
78.182.137.0,78.182.138.19,TR
78.182.138.20,78.182.138.255,DZ
78.182.139.0,78.182.140.75,TR
78.182.140.76,78.182.140.251,DZ
78.182.140.252,78.182.142.91,TR
78.182.142.92,78.182.142.251,DZ
78.182.142.252,78.182.145.163,TR
78.182.145.164,78.182.145.255,DZ
78.182.146.0,78.182.147.247,TR
78.182.147.248,78.182.147.255,DZ
78.182.148.0,78.182.149.39,TR
78.182.149.40,78.182.149.255,DZ
78.182.150.0,78.182.152.95,TR
78.182.152.96,78.182.152.251,DZ
78.182.152.252,78.182.154.63,TR
78.182.154.64,78.182.154.255,DZ
78.182.155.0,78.182.156.127,TR
78.182.156.128,78.182.156.251,DZ
78.182.156.252,78.182.158.91,TR
78.182.158.92,78.182.158.251,DZ
78.182.158.252,78.182.160.179,TR
78.182.160.180,78.182.160.255,DZ
78.182.161.0,78.182.162.35,TR
78.182.162.36,78.182.162.255,DZ
78.182.163.0,78.182.164.7,TR
78.182.164.8,78.182.164.255,DZ
78.182.165.0,78.182.166.179,TR
78.182.166.180,78.182.166.255,DZ
78.182.167.0,78.182.176.91,TR
78.182.176.92,78.182.176.255,DZ
78.182.177.0,78.182.178.199,TR
78.182.178.200,78.182.178.255,DZ
78.182.179.0,78.182.181.63,TR
78.182.181.64,78.182.181.255,DZ
78.182.182.0,78.182.183.135,TR
78.182.183.136,78.182.183.255,DZ
78.182.184.0,78.182.185.51,TR
78.182.185.52,78.182.185.251,DZ
78.182.185.252,78.182.187.207,TR
78.182.187.208,78.182.187.251,DZ
78.182.187.252,78.182.189.179,TR
78.182.189.180,78.182.189.255,DZ
78.182.190.0,78.182.191.167,TR
78.182.191.168,78.182.191.251,DZ
78.182.191.252,78.182.199.27,TR
78.182.199.28,78.182.199.247,DZ
78.182.199.248,78.182.203.175,TR
78.182.203.176,78.182.203.211,DZ
78.182.203.212,78.182.210.103,TR
78.182.210.104,78.182.210.115,DZ
78.182.210.116,78.182.214.63,TR
78.182.214.64,78.182.214.243,DZ
78.182.214.244,78.182.239.219,TR
78.182.239.220,78.182.239.255,DZ
78.182.240.0,78.182.252.119,TR
78.182.252.120,78.182.252.151,DZ
78.182.252.152,78.182.255.27,TR
78.182.255.28,78.182.255.255,DZ
78.183.0.0,78.183.1.31,TR
78.183.1.32,78.183.1.251,DZ
78.183.1.252,78.183.3.151,TR
78.183.3.152,78.183.3.255,DZ
78.183.4.0,78.183.6.171,TR
78.183.6.172,78.183.6.251,DZ
78.183.6.252,78.183.23.71,TR
78.183.23.72,78.183.23.99,DZ
78.183.23.100,78.183.30.67,TR
78.183.30.68,78.183.30.179,DZ
78.183.30.180,78.183.33.127,TR
78.183.33.128,78.183.33.219,DZ
78.183.33.220,78.183.37.11,TR
78.183.37.12,78.183.37.163,DZ
78.183.37.164,78.183.43.31,TR
78.183.43.32,78.183.43.35,DZ
78.183.43.36,78.183.45.19,TR
78.183.45.20,78.183.45.251,DZ
78.183.45.252,78.183.56.135,TR
78.183.56.136,78.183.56.247,DZ
78.183.56.248,78.183.62.239,TR
78.183.62.240,78.183.62.247,DZ
78.183.62.248,78.183.64.35,TR
78.183.64.36,78.183.64.203,DZ
78.183.64.204,78.183.67.87,TR
78.183.67.88,78.183.67.223,DZ
78.183.67.224,78.183.73.59,TR
78.183.73.60,78.183.73.95,DZ
78.183.73.96,78.183.80.55,TR
78.183.80.56,78.183.80.223,DZ
78.183.80.224,78.183.83.11,TR
78.183.83.12,78.183.83.183,DZ
78.183.83.184,78.183.88.43,TR
78.183.88.44,78.183.88.235,DZ
78.183.88.236,78.183.91.79,TR
78.183.91.80,78.183.91.251,DZ
78.183.91.252,78.183.93.3,TR
78.183.93.4,78.183.93.239,DZ
78.183.93.240,78.183.96.15,TR
78.183.96.16,78.183.96.251,DZ
78.183.96.252,78.183.98.35,TR
78.183.98.36,78.183.98.251,DZ
78.183.98.252,78.183.100.127,TR
78.183.100.128,78.183.100.255,DZ
78.183.101.0,78.183.102.11,TR
78.183.102.12,78.183.102.255,DZ
78.183.103.0,78.183.104.19,TR
78.183.104.20,78.183.105.3,DZ
78.183.105.4,78.183.105.255,TR
78.183.106.0,78.183.106.255,DZ
78.183.107.0,78.183.108.23,TR
78.183.108.24,78.183.108.255,DZ
78.183.109.0,78.183.110.11,TR
78.183.110.12,78.183.110.255,DZ
78.183.111.0,78.183.112.3,TR
78.183.112.4,78.183.112.255,DZ
78.183.113.0,78.183.113.255,TR
78.183.114.0,78.183.114.255,DZ
78.183.115.0,78.183.116.23,TR
78.183.116.24,78.183.116.255,DZ
78.183.117.0,78.183.118.35,TR
78.183.118.36,78.183.119.3,DZ
78.183.119.4,78.183.120.63,TR
78.183.120.64,78.183.120.255,DZ
78.183.121.0,78.183.121.255,TR
78.183.122.0,78.183.122.251,DZ
78.183.122.252,78.183.124.27,TR
78.183.124.28,78.183.124.255,DZ
78.183.125.0,78.183.126.27,TR
78.183.126.28,78.183.127.3,DZ
78.183.127.4,78.183.129.135,TR
78.183.129.136,78.183.129.247,DZ
78.183.129.248,78.183.133.11,TR
78.183.133.12,78.183.133.199,DZ
78.183.133.200,78.183.140.63,TR
78.183.140.64,78.183.140.251,DZ
78.183.140.252,78.183.143.159,TR
78.183.143.160,78.183.143.183,DZ
78.183.143.184,78.183.146.31,TR
78.183.146.32,78.183.146.203,DZ
78.183.146.204,78.183.149.115,TR
78.183.149.116,78.183.149.255,DZ
78.183.150.0,78.183.156.83,TR
78.183.156.84,78.183.156.255,DZ
78.183.157.0,78.183.192.39,TR
78.183.192.40,78.183.192.235,DZ
78.183.192.236,78.183.226.3,TR
78.183.226.4,78.183.226.255,DZ
78.183.227.0,78.184.130.51,TR
78.184.130.52,78.184.130.239,DZ
78.184.130.240,78.184.133.103,TR
78.184.133.104,78.184.133.251,DZ
78.184.133.252,78.184.141.231,TR
78.184.141.232,78.184.141.243,DZ
78.184.141.244,78.184.145.207,TR
78.184.145.208,78.184.145.219,DZ
78.184.145.220,78.184.147.19,TR
78.184.147.20,78.184.147.243,DZ
78.184.147.244,78.184.152.175,TR
78.184.152.176,78.184.152.251,DZ
78.184.152.252,78.184.155.167,TR
78.184.155.168,78.184.155.183,DZ
78.184.155.184,78.184.160.7,TR
78.184.160.8,78.184.160.255,DZ
78.184.161.0,78.184.170.167,TR
78.184.170.168,78.184.170.171,DZ
78.184.170.172,78.184.172.43,TR
78.184.172.44,78.184.172.235,DZ
78.184.172.236,78.184.177.99,TR
78.184.177.100,78.184.177.195,DZ
78.184.177.196,78.184.183.27,TR
78.184.183.28,78.184.183.247,DZ
78.184.183.248,78.184.187.119,TR
78.184.187.120,78.184.187.231,DZ
78.184.187.232,78.184.199.135,TR
78.184.199.136,78.184.199.255,DZ
78.184.200.0,78.184.201.215,TR
78.184.201.216,78.184.202.3,DZ
78.184.202.4,78.184.203.219,TR
78.184.203.220,78.184.203.243,DZ
78.184.203.244,78.184.205.99,TR
78.184.205.100,78.184.205.251,DZ
78.184.205.252,78.184.209.35,TR
78.184.209.36,78.184.209.255,DZ
78.184.210.0,78.184.216.11,TR
78.184.216.12,78.184.216.247,DZ
78.184.216.248,78.184.218.167,TR
78.184.218.168,78.184.218.255,DZ
78.184.219.0,78.184.225.111,TR
78.184.225.112,78.184.225.247,DZ
78.184.225.248,78.184.228.51,TR
78.184.228.52,78.184.228.255,DZ
78.184.229.0,78.184.230.63,TR
78.184.230.64,78.184.230.255,DZ
78.184.231.0,78.184.232.27,TR
78.184.232.28,78.184.232.255,DZ
78.184.233.0,78.184.234.115,TR
78.184.234.116,78.184.234.251,DZ
78.184.234.252,78.184.237.7,TR
78.184.237.8,78.184.237.255,DZ
78.184.238.0,78.184.243.87,TR
78.184.243.88,78.184.243.251,DZ
78.184.243.252,78.184.246.75,TR
78.184.246.76,78.184.246.251,DZ
78.184.246.252,78.184.248.123,TR
78.184.248.124,78.184.248.215,DZ
78.184.248.216,78.185.135.255,TR
78.185.136.0,78.185.139.255,DZ
78.185.140.0,78.185.203.255,TR
78.185.204.0,78.185.207.255,DZ
78.185.208.0,78.185.231.255,TR
78.185.232.0,78.185.235.255,DZ
78.185.236.0,78.187.188.239,TR
78.187.188.240,78.187.188.255,DZ
78.187.189.0,78.188.1.79,TR
78.188.1.80,78.188.1.255,DZ
78.188.2.0,78.188.7.151,TR
78.188.7.152,78.188.7.155,DZ
78.188.7.156,78.188.9.199,TR
78.188.9.200,78.188.9.223,DZ
78.188.9.224,78.188.11.223,TR
78.188.11.224,78.188.11.243,DZ
78.188.11.244,78.188.30.123,TR
78.188.30.124,78.188.30.235,DZ
78.188.30.236,78.188.40.135,TR
78.188.40.136,78.188.40.187,DZ
78.188.40.188,78.188.49.251,TR
78.188.49.252,78.188.49.255,DZ
78.188.50.0,78.188.52.195,TR
78.188.52.196,78.188.52.239,DZ
78.188.52.240,78.188.54.147,TR
78.188.54.148,78.188.54.255,DZ
78.188.55.0,78.188.65.131,TR
78.188.65.132,78.188.65.255,DZ
78.188.66.0,78.188.70.55,TR
78.188.70.56,78.188.70.251,DZ
78.188.70.252,78.188.76.223,TR
78.188.76.224,78.188.76.247,DZ
78.188.76.248,78.188.78.15,TR
78.188.78.16,78.188.78.255,DZ
78.188.79.0,78.188.82.3,TR
78.188.82.4,78.188.83.3,DZ
78.188.83.4,78.188.84.51,TR
78.188.84.52,78.188.84.231,DZ
78.188.84.232,78.188.97.19,TR
78.188.97.20,78.188.97.255,DZ
78.188.98.0,78.188.110.111,TR
78.188.110.112,78.188.110.255,DZ
78.188.111.0,78.188.144.139,TR
78.188.144.140,78.188.144.255,DZ
78.188.145.0,78.188.160.255,TR
78.188.161.0,78.188.161.255,DZ
78.188.162.0,78.188.221.247,TR
78.188.221.248,78.188.221.255,DZ
78.188.222.0,78.188.227.7,TR
78.188.227.8,78.188.227.251,DZ
78.188.227.252,78.188.235.115,TR
78.188.235.116,78.188.235.255,DZ
78.188.236.0,78.188.237.31,TR
78.188.237.32,78.188.237.255,DZ
78.188.238.0,78.189.130.31,TR
78.189.130.32,78.189.130.255,DZ
78.189.131.0,78.189.249.7,TR
78.189.249.8,78.189.249.255,DZ
78.189.250.0,78.189.252.39,TR
78.189.252.40,78.189.252.255,DZ
78.189.253.0,78.189.254.11,TR
78.189.254.12,78.189.254.255,DZ
78.189.255.0,78.190.47.251,TR
78.190.47.252,78.190.47.255,DZ
78.190.48.0,78.190.93.151,TR
78.190.93.152,78.190.93.247,DZ
78.190.93.248,78.191.192.15,TR
78.191.192.16,78.191.192.255,DZ
78.191.193.0,78.191.194.103,TR
78.191.194.104,78.191.194.255,DZ
78.191.195.0,78.191.196.87,TR
78.191.196.88,78.191.196.255,DZ
78.191.197.0,78.191.199.27,TR
78.191.199.28,78.191.199.247,DZ
78.191.199.248,78.191.201.39,TR
78.191.201.40,78.191.201.247,DZ
78.191.201.248,78.191.203.203,TR
78.191.203.204,78.191.203.247,DZ
78.191.203.248,78.191.206.99,TR
78.191.206.100,78.191.206.255,DZ
78.191.207.0,78.191.219.43,TR
78.191.219.44,78.191.219.251,DZ
78.191.219.252,78.191.232.79,TR
78.191.232.80,78.191.232.251,DZ
78.191.232.252,78.191.241.171,TR
78.191.241.172,78.191.241.255,DZ
78.191.242.0,78.191.243.107,TR
78.191.243.108,78.191.243.255,DZ
78.191.244.0,78.191.247.207,TR
78.191.247.208,78.191.247.255,DZ
78.191.248.0,78.191.255.255,TR
78.192.0.0,78.255.255.255,FR
